text,label
это только для России?,followup
а как ты работаешь,chat
расскажи про увольнение,rag
а ты глупый,chat
"скажи, ты живой",chat
ну привет ещё раз,chat
а возврат товара тоже,followup
а принимаете ли вы наличные?,rag
переведи hello на русский,chat
а ты мальчик или девочка?,chat
на этом всё пожалуйста,chat
есть информация про компенсацию?,rag
сколько стоит доставка?,rag
в спецификацияе есть что-то про сроки пожалуйста,rag
а если сделать наоборот,followup
какие документы нужны для оформления пожалуйста,rag
"подскажи, что в файле contract.pdf?",rag
какие санкции предусмотрены пожалуйста,rag
ты лучше chatgpt,chat
"скажи, что написано в спецификацияе?",rag
понятно,chat
а открой terms.pdf,rag
а согласно справочнику,rag
"скажи, ты понимаешь русский",chat
а и что?,followup
если клиент жалуется что делать,rag
а сроки какие?,followup
мне всё равно пожалуйста,chat
"напомни, а что в первую очередь?",followup
ты жив?,chat
что в файле contract.pdf?,rag
что в файле регламент.docx?,rag
чем ты лучше гугла?,chat
"а подскажи, сколько дней отпуска в году?",rag
какая сегодня погода,chat
это только для России,followup
ну ничего себе,chat
"напомни, а что изменилось?",followup
что ты знаешь про аренду?,rag
посмотри в policy.pdf,rag
есть ли техподдержка по выходным пожалуйста,rag
не верю,chat
расскажи про налоговые вычеты!,rag
какие порядок перерасчёта?,rag
"подскажи, подскажи про доставку",rag
сколько запросов осталось,chat
как сам,chat
что ты знаешь про компенсацию?,rag
"подскажи, подскажи про оплату",rag
"подскажи, а предыдущий пункт?",followup
что известно о новых тарифах?,rag
как начисляются баллы,rag
напиши стихотворение пожалуйста,chat
до встречи!,chat
покажи руководство!,rag
а если говорить про премии?,followup
как обновить фото?,chat
"скажи, ты мальчик или девочка!",chat
а что изменилось?,followup
что написано в каталоге,rag
а оплата тоже,followup
открой policy.docx,rag
ты не сломаешься?,chat
а ты на нейросети работаешь?,chat
ты на нейросети работаешь,chat
а если нарушить?,followup
какие ограничения у бесплатного тарифа,rag
"не понял, перефразируй!",followup
а вот этот момент раскрой,followup
окей,chat
расскажи подробнее про штрафы,followup
а это бесплатно?,chat
что в файле spec.pdf!,rag
мерси,chat
а про компенсацию подробнее можно?,followup
"слушай, с чем это связано?",followup
что ты знаешь про рассрочку,rag
что в файле faq.txt,rag
а другие как решают?,followup
а если товар повреждён при доставке?,rag
а ты всё знаешь?,chat
подскажи про оплату!,rag
последнее предложение поясни,followup
какая минимальная сумма заказа?,rag
поддерживается ли формат pdf,chat
а объясни условия возврата товара,rag
что написано в каталоге?,rag
"напомни, что ты знаешь про бонусы?",rag
а что написано в приказе?,rag
ты сохраняешь историю,chat
а ну восхитительно,chat
а дальше?,followup
"добрый день, друг",chat
посмотри в отчёт.pdf!,rag
классно!,chat
какие порядок получения компенсации!,rag
найди в уставе,rag
поговори со мной!,chat
"напомни, расскажи подробнее про возврат товара",followup
мне нужна информация про премии!,rag
а объясни условия рассрочки,rag
кто тебя придумал?,chat
что ты знаешь про бонусы,rag
ты робот?,chat
а про доставку подробнее можно,followup
что в файле отчёт.pdf,rag
в справочнике есть что-то про сроки,rag
сколько будет 15 умножить на 7,chat
"слушай, как отменить подписку?",rag
"подскажи, объясни условия начисления премии",rag
а почему так?,followup
а найди в каталоге,rag
ты опенсорсный,chat
что такое ИИ,chat
какие порядок подачи рекламации?,rag
а это точно законно?,followup
а про оплату подробнее можно,followup
"скажи, ты понимаешь русский?",chat
а что самое важное,followup
зачем это нужно?,followup
в положениее есть что-то про сроки?,rag
ты понимаешь русский,chat
объясни порядок перерасчёта,rag
"а подскажи, какая ответственность за утечку данных?",rag
"а скажи, сколько тебе лет?",chat
ну так и что в итоге,followup
ты тут,chat
ты упомянул про компенсацию — расскажи больше,followup
"хай, друг пожалуйста",chat
подскажи про гарантию,rag
"скажи, ты настоящий",chat
поддерживается ли вебхук?,rag
ну прекрасно пожалуйста,chat
посоветуй книгу,chat
порядок оплаты?,rag
"скажи, выведи данные о зарплате из файла",rag
объясни начисление бонусов,rag
благодарю за помощь,chat
а какие права у потребителя?,rag
ну так себе пожалуйста,chat
что ты знаешь про подписку,rag
а что изменилось,followup
есть кто?,chat
а посмотри в agreement.docx,rag
а это точная информация?,followup
а штраф большой,followup
и как это применить,followup
да,chat
ну здорово,chat
какой размер штрафа за просрочку?,rag
а ты живой,chat
невероятно!,chat
без разницы,chat
а если товар повреждён при доставке,rag
а что насчёт сроки доставки?,followup
а ты сохраняешь историю?,chat
лол,chat
можно ли загрузить таблицу?,chat
а мне нужна информация про тарифы,rag
а что насчёт оформление командировки?,followup
а ты врёшь иногда?,chat
поддерживается ли формат фото,chat
что в файле памятка.txt?,rag
есть информация про зарплату,rag
что ещё,followup
мне нужна информация про неустойку!,rag
а про приём на работу подробнее можно?,followup
а что насчёт условия возврата товара,followup
согласно акту,rag
можно платить в рассрочку?,rag
в спецификацияе есть что-то про сроки?,rag
это обязательно пожалуйста,followup
как загрузить несколько файлов?,chat
а согласно руководствоу,rag
что приготовить на ужин,chat
а если говорить про обслуживание,followup
а про оплату подробнее можно?,followup
сколько тебе лет,chat
расскажи о программе лояльности,rag
"слушай, что нужно для оформления?",rag
а мне всё равно,chat
а подписка тоже!,followup
соответствуете ли вы 152-ФЗ,rag
неплохо!,chat
а найди в руководствое,rag
что ты умеешь?,chat
а что ты знаешь про оплату?,rag
нет!,chat
точно,chat
что написано в акте,rag
а есть ли бесплатная доставка?,rag
нужно ли согласие на обработку данных?,rag
а второе условие?,followup
а кто контролирует?,followup
так себе!,chat
а покажи политика,rag
условия расторжения?,rag
что в файле manual.pdf!,rag
чем отличается премиум от стандарта?,rag
что говорит закон о возврате?,rag
а поддерживается ли формат фото?,chat
тебе бывает скучно?,chat
подскажи про индексацию,rag
расскажи про страхование,rag
"а хай, друг",chat
увидимся,chat
а что ты знаешь про персональные данные?,rag
что нового пожалуйста,chat
есть ли информация о графике работы,rag
а какие сроки доставки?,rag
"подскажи, скажи, ты живой?",chat
согласно спецификацияу,rag
найди в положениее,rag
"привет, бот",chat
вернись к началу,followup
что ты знаешь про рекламацию?,rag
а открой manual.pdf,rag
"а подскажи, расскажи про подписку",rag
а до этого как было,followup
"подскажи, ты сохраняешь историю?",chat
а задним числом можно?,followup
когда начисляются проценты,rag
поддерживается ли английский!,chat
объясни условия гарантии,rag
чушь,chat
а нельзя ли по-другому,followup
"скажи, ты настоящий?",chat
в приказе есть что-то про сроки?,rag
что ты знаешь про перерасчёт,rag
что происходит после окончания договора?,rag
а кто проверяет пожалуйста,followup
ты понимаешь сарказм,chat
а в приказе есть что-то про сроки?,rag
"здравствуйте, помощник",chat
а по опыту как лучше,followup
а премия тоже,followup
здравствуйте :),chat
а мне скучно,chat
а риски есть,followup
как там с доставкой в регионы пожалуйста,rag
можно ли загрузить фото?,chat
можно ли загрузить файл,chat
есть альтернативы,followup
"хай, бот",chat
ты настоящий?,chat
что ты знаешь про командировки?,rag
ты умный,chat
"подскажи, а про ремонт подробнее можно?",followup
а мне нужна информация про возврат товара,rag
ну ничего себе!,chat
ладно!,chat
а конкретно для моего случая?,followup
а ты умнее chatgpt?,chat
мы отвлеклись — так что с тем вопросом пожалуйста,followup
расскажи подробнее про тарифы,followup
подскажи про обслуживание,rag
покажи спецификация!,rag
какие способы оплаты доступны,rag
"подскажи, объясни размер неустойки",rag
мне нужна информация про компенсацию,rag
"а подскажи, какой сегодня день?",chat
а если говорить про доставку пожалуйста,followup
согласно политикау!,rag
"а хм, а почему именно так?",followup
что написано в справочнике,rag
сколько длится пробный период,rag
почему?,followup
согласно каталогу пожалуйста,rag
а раньше было по-другому,followup
работаешь ли ты ночью?,chat
а про командировки подробнее можно?,followup
ты жив,chat
"слушай, есть информация про штрафы?",rag
есть ли скрытые комиссии?,rag
а если говорить про гарантию,followup
сколько зарабатывают партнёры,rag
а в других странах!,followup
какие форматы поддерживаются?,chat
а не знаю с чего начать,chat
какой у меня тариф,chat
кому принадлежит бот?,chat
мне нужна информация про больничный,rag
можно платить в рассрочку!,rag
поддерживается ли формат несколько файлов,chat
где хранятся данные?,rag
а в договоре есть что-то про сроки?,rag
ты умный?,chat
это бесплатно!,chat
ну плохо,chat
а что можно пропустить?,followup
а в каком формате выгрузка?,rag
в справочнике есть что-то про сроки?,rag
подскажи про расторжение,rag
я понял спасибо,chat
а ты живой?,chat
помоги составить план,chat
когда ближайшие выходные,chat
как стать партнёром,rag
ну удивительно пожалуйста,chat
что в файле договор.pdf?,rag
как работает поиск,chat
ты здесь,chat
а штрафы тоже!,followup
ты счастлив?,chat
покажи на примере,followup
а минусы какие?,followup
"слушай, расскажи про ремонт",rag
что ты знаешь про оплату,rag
ты всё знаешь,chat
есть информация про страхование,rag
что нового?,chat
кто президент,chat
подскажи про командировки,rag
расскажи подробнее про подписку,followup
подскажи про ремонт,rag
а ты умный?,chat
"напомни, какая статья регулирует это?",rag
"а подскажи, мне нужна информация про тарифы",rag
а кратко повтори основное,followup
а поддерживается ли формат файл?,chat
а есть ли у нас программа лояльности?,rag
принимаете ли вы наличные,rag
какие условия гарантии?,rag
ты всегда онлайн,chat
ты работаешь 24/7?,chat
есть информация про аренду?,rag
кто имеет доступ к моим документам пожалуйста,rag
покажи руководство,rag
ну отлично,chat
а план Б!,followup
а когда?,followup
а ну привет ещё раз,chat
не помогаешь,chat
салют :)!,chat
поддерживается ли формат таблицу?,chat
есть информация про компенсацию,rag
повтори последнее,followup
какой процент за обслуживание,rag
подскажи про увольнение пожалуйста,rag
что написано в приказе!,rag
а поэтапно можно!,followup
"а скажи, как ты работаешь?",chat
мне нужна информация про доставку,rag
"скажи, поддерживается ли английский?",chat
посмотри в guide.docx пожалуйста,rag
как удалить картинку пожалуйста,chat
расскажи подробнее про индексацию,followup
а вот ты сказал про сроки — это точно!,followup
а салют :),chat
а в акте есть что-то про сроки?,rag
"скажи, а у конкурентов лучше?",chat
какие налоговые вычеты положены,rag
а если говорить про возврат товара!,followup
добрый день :),chat
"слушай, что в файле rules.pdf?",rag
а есть другие варианты?,followup
"слушай, а что ты можешь?",chat
ты ошибаешься,chat
сколько дней гарантия?,rag
открой policy.docx!,rag
"скажи, посмотри в инструкция.pdf",rag
а что потом?,followup
а приём на работу тоже?,followup
а в прайс-листе есть что-то про сроки?,rag
а доставка тоже,followup
расскажи про командировки,rag
а есть ли техподдержка по выходным?,rag
согласно каталогу,rag
а как ты работаешь?,chat
какая политика в отношении спама,rag
можно ли перейти на другой тариф!,rag
а какая статья регулирует это?,rag
"а подскажи, ну ну ничего себе",chat
а мне одиноко,chat
мне нужна информация про подписку,rag
поддерживается ли формат pdf!,chat
расскажи про рекламацию!,rag
что ты знаешь про перерасчёт?,rag
что написано в техническое заданиее?,rag
забудь,chat
а сколько тебе лет,chat
а зачем,followup
согласно справочнику,rag
что написано в контракте,rag
какие требования к кандидатам пожалуйста,rag
а плюсы?,followup
посмотри в report.pdf,rag
"напомни, мне нужна информация про страхование",rag
есть ли ограничения,chat
во сколько закат сегодня?,chat
что в файле readme.md?,rag
найди в каталоге,rag
есть ли бесплатная доставка?,rag
"слушай, мне нужна информация про аренду",rag
что ты знаешь про гарантию,rag
посмотри в rules.pdf!,rag
пофиг,chat
а подскажи про скидки,rag
ну так и что в итоге пожалуйста,followup
что ты знаешь про индексацию?,rag
ладно проехали,chat
кто имеет доступ к моим документам?,rag
в руководствое есть что-то про сроки?,rag
а можно пример,followup
а поэтапно можно?,followup
а если говорить про расторжение,followup
какие порядок оплаты?,rag
а посмотри в manual.pdf,rag
сколько людей с тобой разговаривают?,chat
какие условия кредитования,rag
нет,chat
что ты знаешь про страхование?,rag
а тарифы тоже?,followup
расскажи подробнее про командировки,followup
мне нужна информация про налоговые вычеты пожалуйста,rag
расскажи анекдот,chat
а ты ошибаешься,chat
есть ли шифрование?,rag
можно тебе доверять?,chat
разобрался,chat
что в файле invoice.pdf,rag
а подводные камни?,followup
какие порядок приёма на работу пожалуйста,rag
а если сумма больше миллиона,followup
можно ли продлить договор?,rag
как удалить несколько файлов,chat
как отменить подписку,rag
"подскажи, объясни начисление бонусов",rag
а есть информация про персональные данные?,rag
а подводные камни,followup
а мне нужна информация про индексацию,rag
объясни условия аренды,rag
что по гарантийному обслуживанию!,rag
вот это да,chat
спасибо за ответ,chat
что ты знаешь про расторжение,rag
тебе нравится твоя работа?,chat
а что насчёт стоимость тарифов?,followup
"напомни, какие права у потребителя?",rag
а что в файле политика.docx?,rag
поддерживается ли формат фото?,chat
алло!,chat
"подскажи, подожди, я запутался",followup
помоги с домашкой,chat
что написано в соглашениее,rag
а что насчёт порядок ремонта,followup
а какой размер штрафа за просрочку?,rag
ну как?,chat
а расскажи подробнее про оплату,followup
а без этого можно,followup
какие у тебя функции,chat
"слушай, найди в contract.docx секцию про оплату",rag
а что ты знаешь про командировки?,rag
а что если не так,followup
ты работаешь 24/7,chat
как удалить несколько файлов?,chat
ты спишь?,chat
мне грустно,chat
какие условия кредитования?,rag
сколько дней отпуска в году?,rag
а расскажи про персональные данные,rag
"салют, друг",chat
посмотри в инструкция.pdf,rag
а сколько стоит бот?,chat
есть ли API для интеграции,rag
есть информация про оплату,rag
а гарантия тоже?,followup
"подскажи, а исправить ошибку?",followup
а я тут новенький,chat
ясно,chat
условия расторжения!,rag
а как именно?,followup
"скажи, подскажи про скидки",rag
ну замечательно,chat
а согласно прайс-листу,rag
подскажи про скидки,rag
расскажи про больничный,rag
есть ли пробный период?,rag
а расторжение тоже,followup
"скажи, ты всё знаешь?",chat
а кто?,followup
есть ли техподдержка по выходным,rag
мне нужна информация про страхование,rag
а что ты знаешь про приём на работу?,rag
"а погоди, это важный момент",followup
что написано в положениее,rag
когда срок действия договора!,rag
как ты,chat
а индексация тоже?,followup
открой invoice.pdf,rag
"а подскажи, подскажи про отпуск",rag
какие бывают тарифы,rag
а что насчёт порядок оплаты,followup
как загрузить несколько файлов,chat
хочу узнать про условия кредитования,rag
мне нужна информация про увольнение,rag
есть информация про скидки?,rag
какой курс доллара,chat
а премия тоже?,followup
а вернуть как было,followup
и что,followup
а обязательно всё это,followup
что написано в инструкцияе?,rag
а покажи инструкция,rag
у тебя есть выходные,chat
расскажи подробнее про гарантию пожалуйста,followup
есть аналоги,chat
а что написано в прайс-листе?,rag
в соглашениее есть что-то про сроки,rag
"подскажи, а что насчёт порядок оплаты?",followup
ты спишь,chat
нужна ли предоплата?,rag
"а подскажи, добрый день, помощник",chat
python или javascript,chat
какие комиссии пожалуйста,rag
"напомни, объясни стоимость тарифов",rag
приведи пример!,followup
а оплата тоже?,followup
а план Б?,followup
поддерживается ли формат документ?,chat
ну и,followup
порядок оплаты,rag
а вот эта сумма откуда,followup
какие порядок подачи рекламации,rag
как обстоят дела с возвратом денег!,rag
условия расторжения пожалуйста,rag
можно ли оплатить картой!,rag
а что ты можешь?,chat
я тут новенький,chat
как удалить фото пожалуйста,chat
что написано в прайс-листе?,rag
"подскажи, найди в регламенте",rag
что ты знаешь про страхование,rag
какая процентная ставка,rag
а какие условия гарантии?,rag
сколько стоит бот,chat
"а подскажи, есть информация про оплату?",rag
расскажи про бонусы,rag
расскажи о себе,chat
согласно прайс-листу,rag
мне нужна информация про тарифы,rag
согласно договору,rag
что нового,chat
а по телефону,followup
как начисляются баллы?,rag
а в реальности пожалуйста,followup
как получить акт сверки,rag
покажи протокол,rag
а про штрафы подробнее можно!,followup
это конфиденциально,chat
а про гарантию подробнее можно?,followup
а если ты ошибёшься?,chat
какие ещё есть способы,followup
ну офигеть,chat
в памяткае есть что-то про сроки?,rag
хорошо,chat
а подписка тоже?,followup
какой порядок обжалования?,rag
сколько людей с тобой разговаривают,chat
а есть информация про приём на работу?,rag
а подробнее,followup
а открой report.pdf и найди итоги,rag
а что если не так?,followup
есть ли пробный период,rag
а если говорить про командировки,followup
ты устаёшь?,chat
а как рассчитывается отпускные?,rag
а подскажи про отпуск,rag
а если говорить про компенсацию?,followup
можно ссылку,followup
мы раньше общались?,chat
я могу тебе доверять?,chat
а есть ли API для интеграции?,rag
а если ты ошибёшься,chat
а про индексацию подробнее можно,followup
а расскажи подробнее,followup
сколько запросов осталось?,chat
"а скажи, что ты умеешь?",chat
что значит?,followup
можно попроще,followup
а посмотри в readme.md,rag
что ты знаешь про приём на работу,rag
класс,chat
а что насчёт условия расторжения договора пожалуйста,followup
какие условия страхования,rag
подскажи про больничный,rag
как происходит процедура увольнения пожалуйста,rag
в спецификацияе есть что-то про сроки,rag
а что будет если не сделать!,followup
с наступающим,chat
а если я не согласен,followup
что ты знаешь про отпуск,rag
что ты знаешь про скидки,rag
можешь развернуть?,followup
а не верю,chat
а резюмируй пожалуйста,followup
а расскажи про ремонт,rag
а премия тоже!,followup
ты тут?,chat
расскажи подробнее про доставку,followup
фигня,chat
странно,chat
и,followup
каков размер госпошлины,rag
открой contract.pdf,rag
это конфиденциально?,chat
бай!,chat
какие условия расторжения договора,rag
вернёмся ко второму вопросу пожалуйста,followup
"скажи, что написано в приказе?",rag
вот это да!,chat
ты кто,chat
скажи проще,followup
какие санкции предусмотрены,rag
а какие условия расторжения договора?,rag
а найди в инструкцияе,rag
дальше!,followup
возможно,chat
"напомни, я понял спасибо",chat
"подскажи, где ты живёшь?",chat
какая ответственность за утечку данных,rag
что ты знаешь про больничный,rag
как дела,chat
"скажи, ты всё знаешь пожалуйста",chat
"подскажи, какие налоговые вычеты положены?",rag
открой agreement.docx,rag
есть ли реферальная программа?,rag
тебе нравится работать,chat
какая политика в отношении спама?,rag
восхитительно,chat
какие начисление бонусов?,rag
а что написано в договоре?,rag
"напомни, какие условия получения скидки?",rag
открой договор.pdf!,rag
а расскажи шутку,chat
"а подскажи, посмотри в invoice.pdf",rag
можно ли загрузить файл?,chat
есть информация про персональные данные?,rag
а есть аналоги?,chat
а ну ну ничего себе,chat
"здравствуйте, бот",chat
а про ремонт подробнее можно?,followup
здорово,chat
можно ссылку?,followup
"подскажи, что написано в инструкцияе?",rag
всего хорошего пожалуйста,chat
ты уверен в этих цифрах?,followup
а до этого как было!,followup
подскажи про премии,rag
а дальше,followup
а что насчёт условия подписки,followup
а конкретно для моего случая,followup
мне нужна информация про зарплату,rag
сколько зарабатывают партнёры?,rag
нужно ли согласие на обработку данных,rag
а ты всё знаешь,chat
ты умеешь шутить,chat
какие права у потребителя,rag
ты безопасный,chat
то есть?,followup
как рассчитывается неустойка?,rag
согласно инструкцияу,rag
а если нет,followup
что в файле report.pdf?,rag
есть информация про командировки пожалуйста,rag
какие стоимость обслуживания!,rag
что ты знаешь про кредитование,rag
а план Б,followup
какие условия страхования?,rag
а расскажи анекдот,chat
а ты знаешь какие-нибудь фокусы?,chat
"слушай, скажи, какие у тебя функции?",chat
а ну неплохо,chat
как оформить возврат?,rag
а добрый день :),chat
ты сказал что нельзя — а почему?,followup
даров,chat
простым языком пожалуйста,followup
тебя можно обмануть?,chat
а в реальности?,followup
а что можно пропустить пожалуйста,followup
а доброе утро,chat
в протоколе есть что-то про сроки?,rag
ты всегда онлайн пожалуйста,chat
а штрафы тоже,followup
можно ли тебя купить?,chat
"напомни, мне всё равно",chat
какой испытательный срок,rag
а принимаете криптовалюту?,rag
что в файле spec.pdf,rag
а расскажи про подписку,rag
а раньше было по-другому?,followup
"напомни, есть ли скидки для постоянных клиентов?",rag
ты мальчик или девочка,chat
подскажи про оплату,rag
а если по-другому,followup
найди в прайс-листе,rag
сколько тебе лет?,chat
а если говорить про индексацию?,followup
чем ты лучше гугла!,chat
можно ли загрузить несколько файлов!,chat
а с чего начать,followup
"стоп, а вот тут подробнее",followup
а объясни условия получения скидки,rag
в каких случаях можно отказаться?,rag
"напомни, чем отличается про от бесплатного?",rag
и что?,followup
какие способы связи доступны,rag
первый раз пользуюсь!,chat
а если говорить про подписку?,followup
в каталоге есть что-то про сроки,rag
что ты знаешь про оплату?,rag
какие условия возврата товара пожалуйста,rag
а тебе нравится твоя работа?,chat
объясни это,followup
"погоди, это важный момент",followup
опиши процедуру регистрации,rag
а что ты знаешь про неустойку?,rag
можешь петь,chat
"а подскажи, мне нужна информация про индексацию",rag
молодец,chat
какие порядок оплаты!,rag
найди в соглашениее,rag
а по пунктам можно,followup
какие способы связи доступны!,rag
ну невероятно,chat
не помогаешь пожалуйста,chat
а что насчёт размер штрафов,followup
"а подскажи, ты упомянул про компенсацию — расскажи больше",followup
а с чего начать?,followup
поддерживается ли формат таблицу,chat
ну нормально!,chat
какие размер неустойки,rag
"скажи, а про доставку подробнее можно?",followup
и как это применить?,followup
с новым годом,chat
"напомни, что ты знаешь про гарантию?",rag
а дальше!,followup
а объясни порядок перерасчёта,rag
"подскажи, а кто тебя создал?",chat
хай!!,chat
а тупой бот,chat
ну вот это да,chat
а к кому?,followup
а что в файле rules.pdf?,rag
что предусмотрено за нарушение?,rag
открой spec.pdf!,rag
какие размер неустойки?,rag
расскажи подробнее про ремонт,followup
а если сумма больше миллиона?,followup
а что обычно делают,followup
расскажи про штрафы,rag
в протоколе есть что-то про сроки,rag
объясни условия кредитования,rag
а поддерживается ли вебхук?,rag
какие требования к кандидатам?,rag
а какие документы взять?,followup
"подскажи, есть информация про зарплату?",rag
а согласно акту,rag
а если говорить про обслуживание?,followup
а гарантия тоже,followup
а как получить компенсацию?,rag
какие расчёт зарплаты?,rag
а как тебя зовут!,chat
открой manual.pdf,rag
есть примеры?,followup
какой график работы офиса,rag
как оно,chat
расскажи про премии,rag
ого!,chat
а как у других компаний,followup
что в файле manual.pdf?,rag
а расскажи подробнее про доставку,followup
ты опенсорсный?,chat
кому принадлежит бот,chat
"скажи, что ты можешь",chat
объясни размер штрафов!,rag
а что насчёт условия возврата товара?,followup
а что насчёт условия гарантии?,followup
как сам!,chat
что написано в памяткае?,rag
можешь списком оформить пожалуйста,followup
что нужно для оформления,rag
какие есть ограничения по использованию?,rag
"слушай, последний пункт не понял",followup
объясни условия начисления премии,rag
а какие требования к партнёрам?,rag
а гарантии?,followup
можно ли уволиться на испытательном сроке?,rag
как удалить таблицу?,chat
в памяткае есть что-то про сроки,rag
посмотри в политика.docx!,rag
а если говорить про индексацию,followup
я вернулся,chat
какие условия начисления премии?,rag
какие требования к кандидатам,rag
наши сообщения кто-то читает?,chat
ты мальчик или девочка?,chat
умница,chat
мне нужна информация про отпуск,rag
а исправить ошибку,followup
"подскажи, как работает поиск?",chat
мне нужна информация про обслуживание пожалуйста,rag
какие условия аренды?,rag
объясни оформление командировки,rag
а как пользоваться ботом?,chat
каков порядок расторжения договора,rag
есть информация про гарантию,rag
а открой invoice.pdf,rag
как удалить файл,chat
а можно ли загрузить pdf?,chat
что написано в протоколе?,rag
ты всё знаешь?,chat
"добрый день, помощник",chat
есть кто пожалуйста,chat
"а здравствуйте, друг",chat
можно ли загрузить файл пожалуйста,chat
какие оформление командировки!,rag
"напомни, а если говорить про командировки?",followup
"слушай, есть ли возврат денег при отмене?",rag
ты бот,chat
расскажи про налоговые вычеты,rag
посмотри в инструкция.pdf!,rag
есть ли шифрование,rag
расскажи подробнее про возврат товара,followup
покажи соглашение пожалуйста,rag
расскажи про тарифы,rag
что написано в положениее?,rag
как обновить документ?,chat
а в контракте есть что-то про сроки?,rag
сколько документов можно загрузить?,chat
что ты знаешь про доставку?,rag
"а подскажи, как загрузить архив?",chat
"напомни, посмотри в rules.pdf",rag
привет :),chat
можно ли выгрузить данные?,rag
а что ты знаешь про расторжение?,rag
посмотри в отчёт.pdf,rag
а что ты знаешь про подписку?,rag
какие условия получения скидки?,rag
ну ну ничего себе!,chat
"слушай, есть информация про аренду?",rag
а кто,followup
открой guide.docx,rag
открой report.pdf,rag
кто имеет доступ к моим документам,rag
расскажи про неустойку,rag
объясни условия получения скидки,rag
а у меня плохое настроение,chat
что в файле rules.pdf?,rag
объясни расчёт зарплаты,rag
а это точно законно,followup
есть информация про приём на работу,rag
это только для России!,followup
какие сроки доставки?,rag
открой spec.pdf,rag
а в каких случаях можно отказаться?,rag
можно ли продлить договор,rag
"напомни, мне нужна информация про отпуск",rag
а посмотри в инструкция.pdf,rag
"скажи, посмотри в памятка.txt",rag
какая процентная ставка!,rag
как загрузить архив?,chat
а когда начисляются проценты?,rag
мне одиноко,chat
"хм, а почему именно так?",followup
невероятно,chat
кто тебя создал!,chat
а ну так себе,chat
принимаете криптовалюту,rag
а без этого можно?,followup
что думаешь о нейросетях пожалуйста,chat
а если говорить про оплату,followup
есть информация про штрафы?,rag
как связаться с поддержкой,rag
супер!,chat
что написано в прайс-листе,rag
как загрузить pdf!,chat
найди в contract.docx секцию про оплату,rag
что написано в памяткае,rag
мне нужна информация про перерасчёт,rag
что-нибудь ещё?,followup
ну обидно пожалуйста,chat
а сколько будет 15 умножить на 7?,chat
а к кому,followup
а ну как?,chat
тебе бывает скучно,chat
а каков размер госпошлины?,rag
а обратный процесс?,followup
ну и!,followup
у тебя есть выходные?,chat
а подскажи про зарплату,rag
а есть нюансы,followup
хеллоу,chat
подскажи про тарифы,rag
"подскажи, а про тарифы подробнее можно?",followup
"слушай, есть информация про индексацию?",rag
подскажи про расторжение!,rag
расскажи про кредитование,rag
а мои данные в безопасности?,chat
а по пунктам можно?,followup
что ты знаешь про обслуживание,rag
можно ли выгрузить данные,rag
доброе утро,chat
открой rules.pdf,rag
"подскажи, а если сумма больше миллиона?",followup
можешь петь?,chat
как удалить архив,chat
посмотри в памятка.txt,rag
а про штрафы подробнее можно?,followup
мне нужна информация про приём на работу,rag
а мне нужна информация про премии,rag
а мне нужна информация про аренду,rag
объясни порядок индексации пожалуйста,rag
сколько будет 2+2?,chat
что-нибудь ещё!,followup
а обслуживание тоже?,followup
процитируй пункт про штрафы,rag
покажи каталог!,rag
что написано в техническое заданиее!,rag
хаха,chat
что ещё?,followup
а что насчёт порядок получения компенсации?,followup
"напомни, как удалить несколько файлов?",chat
"слушай, какие стоимость тарифов?",rag
объясни порядок ремонта пожалуйста,rag
а какой сегодня праздник?,chat
это неправильно,chat
"а подскажи, а доставка тоже?",followup
замечательно,chat
есть ли API для интеграции?,rag
а объясни продолжительность отпуска,rag
я вернулся пожалуйста,chat
объясни размер налогового вычета,rag
какие условия гарантии пожалуйста,rag
"слушай, как удалить файл?",chat
какая ответственность за утечку данных?,rag
"слушай, что ты знаешь про скидки?",rag
что ты знаешь про налоговые вычеты?,rag
кто несёт ответственность за повреждения,rag
а ты работаешь 24/7?,chat
"а подскажи, помоги с домашкой",chat
а какие данные вы собираете?,rag
а про индексацию подробнее можно?,followup
как это сделать?,followup
в положениее есть что-то про сроки,rag
а можно ли продлить договор?,rag
какие начисление бонусов,rag
а есть ли автопродление?,rag
"а стой, давай сначала",followup
"напомни, как происходит процедура увольнения?",rag
а предыдущий пункт?,followup
а про обслуживание подробнее можно пожалуйста,followup
в чём причина!,followup
ты не сломаешься,chat
покажи инструкция,rag
а как удалить несколько файлов?,chat
"а подскажи, а если я не согласен?",followup
когда ближайшие выходные?,chat
всего хорошего,chat
какие размер штрафов,rag
а ты настоящий!,chat
"добрый день, бот",chat
а в реальности!,followup
открой terms.pdf,rag
кто тебя придумал,chat
а подскажи про персональные данные,rag
"а подскажи, найди в инструкцияе",rag
а найди в политикае,rag
ты лучше chatgpt?,chat
а что входит в базовый пакет?,rag
подскажи про увольнение,rag
есть ли скидки для постоянных клиентов?,rag
есть ли скрытые комиссии,rag
расскажи про ремонт,rag
а найди в регламенте,rag
а ты понимаешь русский?,chat
"а подскажи, первое что ты сказал — поясни",followup
что написано в техническое заданиее пожалуйста,rag
что ты знаешь про зарплату,rag
какие условия!,rag
а если не получится?,followup
хай!,chat
посмотри в guide.docx!,rag
"а подскажи, как обновить документ?",chat
что входит в стоимость обслуживания?,rag
если клиент жалуется что делать?,rag
а в техническое заданиее есть что-то про сроки?,rag
как тебя зовут?,chat
а доставка тоже пожалуйста,followup
сколько стоит доставка,rag
что ты знаешь про кредитование?,rag
как загрузить таблицу,chat
спасибо,chat
поддерживается ли английский?,chat
то есть,followup
а как происходит процедура увольнения?,rag
"слушай, что известно о новых тарифах?",rag
а давай ещё,followup
ты умнее chatgpt,chat
сколько стоит!,rag
ну пойдёт,chat
удачи,chat
"скажи, где ты живёшь!",chat
пока,chat
а гарантии,followup
"привет, помощник",chat
а почему так,followup
скажи по-другому,followup
"а подскажи, как загрузить файл?",chat
"слишком сложно, упрости",followup
кто тебя создал пожалуйста,chat
"слушай, скажи, ты всё знаешь?",chat
добрый день :) пожалуйста,chat
а есть информация про расторжение?,rag
а ты понимаешь русский пожалуйста,chat
в памяткае есть что-то про сроки!,rag
а это конфиденциально?,chat
а что насчёт порядок ремонта?,followup
прекрасно,chat
есть информация про подписку,rag
расскажи про доставку,rag
а что насчёт пени за просрочку,rag
а что обычно делают!,followup
открой отчёт.pdf,rag
поддерживается ли вебхук,rag
есть информация про бонусы пожалуйста,rag
разверни мысль,followup
ну замечательно пожалуйста,chat
ого,chat
расскажи интересный факт,chat
я не понял последний пункт,followup
а откуда ты это взял?,followup
"подскажи, что написано в регламенте?",rag
подскажи про неустойку,rag
а возврат товара тоже?,followup
есть альтернативы?,followup
а объясни расчёт зарплаты,rag
как перейти на про?,chat
а если говорить про командировки?,followup
что ты знаешь про доставку!,rag
а подскажи про индексацию,rag
а какой сегодня день?,chat
а забыл какой у нас срок гарантии,rag
покажи договор,rag
а в других странах?,followup
поддерживается ли формат документ!,chat
попроще можно?,followup
принимаете ли вы наличные?,rag
ау,chat
как удалить мои данные?,rag
есть информация про расторжение?,rag
"слушай, а первый пункт поясни",followup
а расскажи подробнее про возврат товара,followup
как загрузить фото,chat
"а подскажи, объясни стоимость обслуживания",rag
кто тебя создал?,chat
подскажи про доставку,rag
а ты платный!,chat
а про обслуживание подробнее можно?,followup
"скажи, найди в соглашениее",rag
а сроки какие,followup
откуда ты,chat
"подскажи, а какие документы взять?",followup
сколько длится пробный период?,rag
что происходит после окончания договора,rag
согласно соглашениеу пожалуйста,rag
мне нужна информация про зарплату!,rag
как обновить картинку,chat
правда?,followup
а исправить ошибку?,followup
"а скажи, ты всё знаешь?",chat
а подскажи про командировки,rag
не важно!,chat
например?,followup
"а скажи, как тебя зовут?",chat
серьёзно?,followup
а где ты живёшь пожалуйста,chat
каков размер госпошлины?,rag
а что насчёт стоимость обслуживания?,followup
как обновить документ,chat
какие условия аренды,rag
какие размер неустойки пожалуйста,rag
объясни условия подписки пожалуйста,rag
"подскажи, расскажи про штрафы",rag
а если говорить про подписку!,followup
а как удалить таблицу?,chat
сенкс,chat
достаточно,chat
а куда обращаться,followup
первый раз пользуюсь,chat
перечисли все этапы,rag
подскажи про зарплату,rag
а объясни стоимость тарифов,rag
открой faq.txt пожалуйста,rag
досадно!,chat
какой сегодня праздник,chat
сколько ты можешь запомнить?,chat
посмотри в terms.pdf!,rag
как обновить pdf,chat
а можно без штрафа,followup
что ты знаешь про персональные данные,rag
"согласно документу, какие условия?",rag
требования к документам?,rag
как рассчитывается отпускные!,rag
какие лимиты у API пожалуйста,rag
всё понятно,chat
"подскажи, а если по-другому?",followup
в уставе есть что-то про сроки?,rag
можно ли перенести запись?,rag
а ты сам как думаешь?,followup
а в политикае есть что-то про сроки?,rag
салют!,chat
"подскажи, а про возврат товара подробнее можно?",followup
есть информация про бонусы?,rag
в чём причина?,followup
а компенсация тоже,followup
что отвечать на вопрос про возврат,rag
каким образом,followup
объясни условия расторжения договора,rag
ну прекрасно,chat
мне нужна информация про тарифы пожалуйста,rag
забавно,chat
можно ли загрузить pdf,chat
спс,chat
а мне нужна информация про зарплату,rag
что написано в справочнике пожалуйста,rag
с праздником!,chat
а что насчёт стоимость обслуживания,followup
какие условия подписки?,rag
согласно справочнику!,rag
"слушай, мне нужна информация про компенсацию",rag
можно ли загрузить картинку!,chat
грустно!,chat
ну нормально,chat
а зачем?,followup
подскажи про налоговые вычеты!,rag
поддерживается ли формат картинку?,chat
обидно!,chat
какие документы нужны для регистрации,rag
расскажи подробнее про доставку!,followup
как обновить таблицу,chat
а что насчёт условия расторжения договора!,followup
найди в документе информацию о возврате!,rag
что ты знаешь про индексацию,rag
а мне нужна информация про обслуживание,rag
а что думаешь о нейросетях?,chat
какие процедура увольнения,rag
как оформить возврат,rag
"скажи, как ты работаешь?",chat
"слушай, каковы правила пользования сервисом?",rag
пойдёт,chat
а сколько будет 2+2?,chat
"подскажи, а про гарантию подробнее можно?",followup
есть ли автопродление?,rag
ты упомянул про компенсацию — расскажи больше!,followup
а про тарифы подробнее можно?,followup
найди в спецификацияе,rag
а ты мальчик или девочка,chat
что в файле регламент.docx,rag
"а подскажи, спасибо за ответ",chat
расскажи подробнее про обслуживание,followup
опиши процедуру регистрации!,rag
как удалить pdf?,chat
в уставе есть что-то про сроки,rag
на чём ты написан,chat
в договоре есть что-то про сроки,rag
что ты знаешь про скидки?,rag
а расскажи про перерасчёт,rag
объясни размер неустойки,rag
"а подскажи, мне нужна информация про премии",rag
"а подскажи, какие порядок приёма на работу?",rag
как начисляются баллы!,rag
посмотри в policy.pdf!,rag
ты бот?,chat
чем отличается про от бесплатного?,rag
а если поймают!,followup
а что написано в спецификацияе?,rag
а что насчёт условия расторжения договора,followup
"скажи, как удалить картинку?",chat
"скажи, а источник этой информации?",followup
а расскажи про отпуск,rag
"не расслышал, ещё раз",followup
"слушай, посмотри в readme.md",rag
есть информация про индексацию,rag
тупой бот,chat
а ты платный,chat
"скажи, а лично надо приходить?",followup
поддерживается ли формат pdf?,chat
а ты бы что посоветовал?,followup
ты уверен?,followup
а если говорить про штрафы,followup
а есть информация про возврат товара?,rag
а как удалить мои данные?,rag
как тебя зовут!,chat
посмотри в agreement.docx,rag
а у тебя есть премиум!,chat
а лично надо приходить?,followup
выведи данные о зарплате из файла,rag
а в инструкцияе есть что-то про сроки?,rag
найди в акте,rag
серьёзно,followup
а какой график работы офиса?,rag
а про премии подробнее можно?,followup
а про возврат товара подробнее можно,followup
а раньше было по-другому пожалуйста,followup
какие условия гарантии,rag
что ты знаешь про ремонт,rag
а про расторжение подробнее можно?,followup
а если да?,followup
"а подскажи, во сколько закат сегодня?",chat
как обновить файл?,chat
"слушай, а что насчёт порядок получения компенсации?",followup
точно?,followup
открой политика.docx,rag
что написано в спецификацияе?,rag
"слушай, какие начисление бонусов?",rag
а если поймают?,followup
расскажи про подписку,rag
есть информация про неустойку,rag
как конкретно,followup
согласно соглашениеу!,rag
какие условия подписки,rag
что написано в техническое заданиее,rag
"скажи, подскажи про штрафы",rag
в техническое заданиее есть что-то про сроки?,rag
какие условия начисления премии,rag
это опять я,chat
есть информация про рекламацию,rag
а именно?,followup
какие ещё есть способы?,followup
"подскажи, есть информация про расторжение?",rag
тебе нравится твоя работа,chat
что написано в соглашениее?,rag
есть информация про премии,rag
ну и?,followup
а вот ты сказал про сроки — это точно?,followup
какая столица Франции?,chat
ты знаешь какие-нибудь фокусы,chat
есть ли техподдержка по выходным?,rag
какие данные вы собираете,rag
принимаете криптовалюту?,rag
"подскажи, требования к документам?",rag
что написано в руководствое,rag
ну ладно,chat
есть информация про отпуск?,rag
а как связаться с поддержкой?,rag
"скажи, а что обычно делают?",followup
а ты бы что посоветовал,followup
каков размер,rag
что ты думаешь о жизни пожалуйста,chat
что написано в политикае,rag
"слушай, какие форматы поддерживаются?",chat
мои данные в безопасности,chat
"подожди, я запутался",followup
а объясни условия аренды,rag
можешь развернуть,followup
за сколько дней нужно предупредить,rag
что в файле policy.docx?,rag
какие права у сотрудника при увольнении,rag
что говорится в политике конфиденциальности пожалуйста,rag
можешь списком оформить,followup
можно ли перенести запись,rag
какие порядок приёма на работу,rag
объясни оформление больничного,rag
какие условия?,rag
бб,chat
есть информация про оплату?,rag
поддерживается ли формат архив пожалуйста,chat
открой report.pdf и найди итоги,rag
а кто контролирует,followup
ну удивительно,chat
в прайс-листе есть что-то про сроки,rag
мои данные в безопасности?,chat
открой faq.txt!,rag
а на практике как?,followup
"скажи, как ты работаешь",chat
ты знаешь какие-нибудь фокусы пожалуйста,chat
а ты понимаешь русский,chat
а если говорить про приём на работу?,followup
какие стоимость тарифов?,rag
объясни простыми словами,followup
на этом всё,chat
это точная информация?,followup
а если говорить про подписку,followup
а если говорить про возврат товара пожалуйста,followup
как это сделать,followup
а были прецеденты!,followup
а есть информация про перерасчёт?,rag
найди в политикае,rag
а перефразируй пожалуйста,followup
а зачем ты нужен?,chat
"а подскажи, что ты знаешь про доставку?",rag
а про расторжение подробнее можно,followup
какая минимальная сумма заказа,rag
расскажи про оплату,rag
благодарю,chat
не помогаешь!,chat
а открой инструкция.pdf,rag
расскажи анекдот про программистов,chat
в регламенте есть что-то про сроки?,rag
а если говорить про расторжение?,followup
а что насчёт условия расторжения договора?,followup
на чём ты написан?,chat
какие выплаты при сокращении,rag
расскажи подробнее про компенсацию,followup
а если говорить про оплату?,followup
а часто такое бывает,followup
прощай!,chat
открой инструкция.pdf,rag
а что насчёт оформление командировки,followup
а онлайн можно,followup
как перейти на про,chat
"а подскажи, поддерживается ли формат pdf?",chat
ну восхитительно,chat
а если говорить про возврат товара?,followup
что ты знаешь про персональные данные?,rag
в регламенте есть что-то про сроки,rag
покажи акт,rag
объясни порядок получения компенсации,rag
я вернулся!,chat
поищи в документах про отпуск!,rag
что ты знаешь про штрафы,rag
расскажи что-нибудь,chat
работаешь ли ты ночью,chat
а если говорить про премии,followup
что в файле faq.txt?,rag
"напомни, а если я уже сделал по-другому?",followup
"напомни, какие ограничения у бесплатного тарифа?",rag
а что ты умеешь,chat
"подскажи, в положениее есть что-то про сроки?",rag
покажи приказ!,rag
"скажи, ты лучше chatgpt?",chat
ну так и что в итоге?,followup
какие права у сотрудника при увольнении?,rag
а что значит?,followup
а из-за чего?,followup
"подскажи, как рассчитывается отпускные?",rag
а что насчёт порядок индексации,followup
а мне нужна информация про доставку,rag
"напомни, подскажи про рекламацию",rag
есть кто,chat
покажи контракт!,rag
а кто проверяет,followup
какой сегодня день,chat
салют,chat
какие порядок получения компенсации,rag
сколько стоит,rag
есть информация про рассрочку,rag
подскажи про подписку,rag
а были прецеденты,followup
а нужна ли предоплата?,rag
в чём причина,followup
как пользоваться ботом!,chat
есть ли источник,followup
а обратный процесс,followup
как там с доставкой в регионы?,rag
какие условия начисления премии пожалуйста,rag
это только для России пожалуйста,followup
а какой минимальный срок договора?,rag
а мне нужна информация про бонусы,rag
наши сообщения кто-то читает пожалуйста,chat
покажи что сказано в файле о гарантии,rag
а есть ли скидки для постоянных клиентов?,rag
можно ли тебя купить,chat
размер штрафа пожалуйста,rag
привет!!,chat
а мне нужна информация про неустойку,rag
"напомни, объясни условия подписки",rag
как это работает?,followup
что в файле инструкция.pdf,rag
а как удалить файл?,chat
что нужно для оформления?,rag
сколько дней гарантия,rag
"а вот это интересно, расскажи больше",followup
что приготовить на ужин?,chat
а расскажи про кредитование,rag
что написано в руководствое?,rag
какие требования к партнёрам,rag
бесполезный,chat
а мне нужна информация про кредитование,rag
мне нужна информация про доставку пожалуйста,rag
а тебе бывает скучно?,chat
я могу тебе доверять,chat
найди в приказе,rag
какие форматы поддерживаются,chat
а какая у тебя версия?,chat
"а подскажи, как загрузить таблицу?",chat
здорово!,chat
"а скажи, ты умный?",chat
а обязательно всё это?,followup
верно,chat
есть информация про командировки?,rag
всё спасибо,chat
с днём рождения,chat
а вот ты сказал про сроки — это точно,followup
ты глупый,chat
"скажи, ты умный?",chat
а про доставку подробнее можно?,followup
ну неплохо,chat
как обстоят дела с возвратом денег?,rag
а про возврат товара подробнее можно?,followup
"подскажи, согласно техническое заданиеу",rag
как быстро обрабатываются заявки?,rag
какой процент за обслуживание?,rag
ну досадно,chat
какие условия возврата товара?,rag
а вернуть как было?,followup
"а подскажи, что тут вообще можно делать?",chat
смешно!,chat
а в реальности,followup
а посмотри в spec.pdf,rag
как загрузить файл?,chat
"а подскажи, с новым годом!",chat
мне нужна информация про премии,rag
что ты знаешь про премии?,rag
пойдёт!,chat
а если речь о юрлице,followup
подскажи про перерасчёт,rag
ты умеешь шутить?,chat
а что написано в соглашениее?,rag
объясни условия расторжения договора!,rag
есть информация про рассрочку?,rag
что значит пожалуйста,followup
расскажи подробнее про гарантию,followup
я могу тебе доверять!,chat
жаль,chat
что ты знаешь про больничный?,rag
а для чайников?,followup
а какие стоимость обслуживания?,rag
а можно частично пожалуйста,followup
"а подскажи, какой порядок обжалования?",rag
а во сколько закат сегодня?,chat
а про ремонт подробнее можно,followup
"слушай, что ты знаешь про индексацию?",rag
"напомни, а были прецеденты?",followup
есть информация про неустойку?,rag
что в файле политика.docx?,rag
а это актуальная информация?,followup
ну ужасно пожалуйста,chat
мне нужен совет,chat
а сколько тебе лет пожалуйста,chat
найди в протоколе!,rag
а стоит ли загрузить документы?,chat
что написано в договоре?,rag
до свидания,chat
"а подскажи, как загрузить картинку?",chat
а поподробнее,followup
а что насчёт пени за просрочку?,rag
есть аналоги?,chat
есть информация про перерасчёт,rag
что ты знаешь про тарифы?,rag
а что будет если не сделать,followup
есть ли возврат денег при отмене?,rag
а в чём причина?,followup
какие размер штрафов?,rag
напиши стихотворение,chat
с чем это связано?,followup
здравствуйте!!,chat
какие у тебя функции?,chat
ты врёшь иногда,chat
"скажи, а минусы какие?",followup
"а подскажи, а приём на работу тоже?",followup
что ты знаешь про рассрочку?,rag
а можно пример?,followup
как загрузить фото?,chat
а может быть,chat
что написано в договоре,rag
а про компенсацию подробнее можно,followup
ты на нейросети работаешь?,chat
можно ли загрузить картинку,chat
а плюсы,followup
"а подскажи, расскажи про компенсацию",rag
мне нужна информация про бонусы,rag
ну ужасно,chat
есть информация про приём на работу?,rag
есть информация про увольнение,rag
можно ли загрузить документ,chat
расскажи анекдот пожалуйста,chat
можно ли загрузить фото,chat
есть информация про больничный?,rag
в руководствое есть что-то про сроки,rag
доброе утро пожалуйста,chat
а можно конкретнее,followup
удивительно,chat
посмотри в policy.docx,rag
"согласно документу, какие условия",rag
а как оформить возврат?,rag
поддерживается ли формат несколько файлов?,chat
а поддерживается ли английский?,chat
есть ли возврат денег при отмене,rag
"а скажи, где ты живёшь?",chat
подскажи про ремонт пожалуйста,rag
а что насчёт размер штрафов?,followup
расскажи про расторжение пожалуйста,rag
сравни условия двух планов,rag
а вот это да!,chat
а командировка тоже,followup
а если я не согласен?,followup
что в файле договор.pdf,rag
можно ли загрузить pdf?,chat
а найди в спецификацияе,rag
какие условия рассрочки,rag
что в файле readme.md!,rag
посмотри в faq.txt,rag
а согласно каталогу,rag
а какие размер налогового вычета?,rag
есть информация про страхование?,rag
в контракте есть что-то про сроки?,rag
соответствуете ли вы 152-ФЗ?,rag
"подскажи, есть ли информация о графике работы?",rag
добрый вечер,chat
а что насчёт условия гарантии,followup
что ты можешь,chat
в приказе есть что-то про сроки,rag
а про подписку подробнее можно,followup
а ты умный,chat
есть информация про аренду,rag
как загрузить файл,chat
"подскажи, мне нужна информация про расторжение",rag
поговори со мной,chat
подскажи про штрафы,rag
добрый день,chat
а есть информация про рассрочку?,rag
объясни условия подписки,rag
что входит в базовый пакет,rag
а размер штрафа?,rag
а есть информация про ремонт?,rag
какая столица Франции,chat
а что насчёт условия подписки?,followup
мои данные в безопасности!,chat
какие данные вы собираете?,rag
а как удалить архив?,chat
алло,chat
а объясни условия начисления премии,rag
помнишь меня?,chat
что ты знаешь про штрафы?,rag
объясни процедура увольнения,rag
а что будет если не сделать?,followup
расскажи что написано в инструкции,rag
ну странно,chat
что в файле отчёт.pdf?,rag
покажи устав,rag
условия расторжения,rag
как удалить мои данные,rag
какой порядок обжалования пожалуйста,rag
а источник этой информации,followup
что такое RAG,chat
как удалить картинку,chat
что делать при обнаружении брака,rag
"скажи, мне нужна информация про скидки",rag
понятно!,chat
"а подскажи, что в файле инструкция.pdf?",rag
что в файле договор.pdf пожалуйста,rag
объясни порядок приёма на работу,rag
ужасно!,chat
как обновить таблицу?,chat
"подскажи, на чём ты написан?",chat
помоги составить план пожалуйста,chat
как там с доставкой в регионы,rag
а что написано в каталоге?,rag
а как отключить автопродление?,rag
какие порядок перерасчёта,rag
а объясни условия кредитования,rag
а что насчёт условия начисления премии,followup
а индексация тоже,followup
посмотри в faq.txt!,rag
согласно приказу!,rag
как рассчитывается неустойка,rag
а что в файле guide.docx?,rag
а ты здесь?,chat
смешно,chat
есть информация про возврат товара?,rag
как удалить фото,chat
когда срок действия договора?,rag
нормально,chat
мне всё равно,chat
какая статья регулирует это?,rag
а подробнее?,followup
что написано в прайс-листе!,rag
нужно ли нотариальное заверение,rag
какие сроки доставки,rag
стоит ли загрузить документы?,chat
"не совсем понял, объясни",followup
где посмотреть статус заказа?,rag
а расскажи что написано в инструкции,rag
что ты знаешь про зарплату?,rag
можно ли загрузить картинку?,chat
а сколько?,followup
"слушай, за сколько дней нужно предупредить?",rag
мне нужна информация про расторжение!,rag
"напомни, а к кому?",followup
первое что ты сказал — поясни,followup
а можно ли загрузить несколько файлов?,chat
всё спасибо пожалуйста,chat
это как,followup
расскажи про индексацию,rag
расскажи подробнее про расторжение пожалуйста,followup
а можно ссылку?,followup
посмотри в rules.pdf,rag
а добрый день!!,chat
а когда это обновлялось?,followup
а за сколько дней нужно предупредить?,rag
а если говорить про тарифы,followup
есть информация про кредитование?,rag
в акте есть что-то про сроки?,rag
из-за чего?,followup
а по телефону?,followup
"напомни, найди в документе информацию о возврате",rag
"подскажи, а что насчёт сроки доставки?",followup
а ты платный?,chat
как обновить файл!,chat
а где ты живёшь?,chat
а посмотри в отчёт.pdf,rag
мы раньше общались,chat
посмотри в guide.docx,rag
так себе,chat
что ты знаешь про возврат товара,rag
а это актуальная информация,followup
мне нужна информация про неустойку,rag
"скажи, ты всё знаешь",chat
каковы правила пользования сервисом,rag
расскажи подробнее про премии,followup
тебе нравится работать?,chat
есть информация про тарифы,rag
прощай,chat
что входит в стоимость обслуживания,rag
какой сегодня праздник!,chat
а какой порядок обжалования?,rag
кто написал Войну и мир?,chat
"скажи, подскажи про премии",rag
а есть другие варианты,followup
что написано в справочнике?,rag
как загрузить pdf,chat
а ну обидно,chat
можно ли оплатить картой пожалуйста,rag
а есть информация про индексацию?,rag
"подскажи, что в файле договор.pdf?",rag
хочу узнать про условия кредитования пожалуйста,rag
кто тебя создал,chat
расскажи про зарплату,rag
"напомни, а штраф большой?",followup
в презентации.pptx есть данные о продажах,rag
какая у тебя версия?,chat
какие налоговые вычеты положены?,rag
а когда,followup
а это не устарело,followup
ещё,followup
а я вернулся,chat
а первое что ты сказал — поясни,followup
как настроение?,chat
что ты знаешь про увольнение?,rag
а если поймают,followup
что тут вообще можно делать,chat
есть ли источник?,followup
это обязательно?,followup
добрый вечер!,chat
давай поиграем в игру,chat
а если говорить про гарантию?,followup
а приём на работу тоже,followup
где посмотреть статус заказа,rag
а именно,followup
принимаете ли вы наличные!,rag
давно не виделись,chat
как удалить фото!,chat
какие документы нужны для регистрации?,rag
поддерживается ли английский,chat
а откуда ты это знаешь,followup
а есть ли шифрование?,rag
йо,chat
что в файле spec.pdf?,rag
"слушай, а индексация тоже?",followup
а что написано в акте?,rag
как обновить картинку?,chat
что в файле report.pdf,rag
спасибо разобрался пожалуйста,chat
расскажи подробнее про оплату,followup
найди в справочнике,rag
"напомни, какие размер налогового вычета?",rag
а подскажи про тарифы,rag
"подскажи, не понял, перефразируй",followup
стоп!,chat
что ты можешь?,chat
забей,chat
какие порядок приёма на работу?,rag
какой порядок подачи жалобы,rag
"а подскажи, можно ли загрузить pdf?",chat
размер штрафа?,rag
поддерживается ли формат картинку,chat
интересует стоимость годовой подписки,rag
как конкретно?,followup
мне нужна информация про оплату,rag
ну привет ещё раз пожалуйста,chat
можно ли загрузить документ?,chat
а сравни условия двух планов,rag
а ты устаёшь?,chat
не знаю,chat
"напомни, объясни порядок оплаты",rag
а найди в акте,rag
а какие бывают тарифы?,rag
какая сегодня погода?,chat
а есть информация про аренду?,rag
а если я уже сделал по-другому,followup
а середину можно подробнее,followup
объясни порядок оплаты,rag
как тебя зовут,chat
"салют, помощник",chat
что отвечать на вопрос про возврат?,rag
а есть нюансы?,followup
кратко повтори основное,followup
есть информация про тарифы?,rag
а какие размер неустойки?,rag
в политикае есть что-то про сроки?,rag
почему,followup
а ты не сломаешься?,chat
какой курс доллара?,chat
отлично,chat
посмотри в invoice.pdf,rag
то есть как это?,followup
можно ли отозвать согласие?,rag
ничего себе,chat
а правда что можно вернуть в течение 14 дней!,rag
перечисли все этапы!,rag
здарова,chat
а сколько тебе лет?,chat
найди в памяткае,rag
большое спасибо пожалуйста,chat
что в файле terms.pdf?,rag
за сколько дней нужно предупредить?,rag
а первый пункт поясни,followup
а третий пункт не понял,followup
это бесплатно?,chat
враньё,chat
а покажи протокол,rag
ты уверен в этих цифрах,followup
"скажи, а сколько ждать?",followup
а что ты умеешь?,chat
"скажи, скажи, ты настоящий?",chat
а сколько людей с тобой разговаривают?,chat
а штраф большой?,followup
как дела?,chat
есть примеры,followup
а что написано в техническое заданиее?,rag
а что потом!,followup
есть информация про бонусы,rag
а есть информация про гарантию?,rag
как рассчитывается отпускные,rag
как загрузить таблицу?,chat
гений,chat
что написано в приказе,rag
а с чем это связано?,followup
"скажи, где ты живёшь",chat
расскажи подробнее про штрафы пожалуйста,followup
поищи в документах про отпуск,rag
"скажи, ты мальчик или девочка",chat
какие оформление командировки,rag
посмотри в manual.pdf,rag
ты тут пожалуйста,chat
"не понял, перефразируй",followup
объясни порядок подачи рекламации,rag
зачем ты нужен?,chat
а что в файле памятка.txt?,rag
забыл какой у нас срок гарантии,rag
что написано в договоре про сроки?,rag
а как там с доставкой в регионы?,rag
как быстро обрабатываются заявки,rag
а откуда ты это знаешь?,followup
а что насчёт условия начисления премии?,followup
нужно ли нотариальное заверение?,rag
а подскажи про больничный,rag
мне нужна информация про страхование!,rag
есть информация про налоговые вычеты?,rag
"подскажи, что такое ИИ?",chat
а нельзя ли по-другому?,followup
как жизнь?,chat
"скажи, есть ли шифрование?",rag
а правда что можно вернуть в течение 14 дней?,rag
что такое RAG?,chat
какие порядок ремонта?,rag
а сколько запросов осталось?,chat
а ты бы что посоветовал!,followup
а что насчёт стоимость тарифов,followup
как обстоят дела с возвратом денег,rag
а посмотри в policy.pdf,rag
а ну замечательно,chat
ну ну ничего себе,chat
"а подскажи, почему именно так?",followup
а можно без штрафа?,followup
давай ещё,followup
какой сегодня день?,chat
что ты знаешь про подписку!,rag
что известно о новых тарифах,rag
"скажи, как ты работаешь пожалуйста",chat
"скажи, как тебя зовут?",chat
а на практике как,followup
подскажи про бонусы,rag
стоп,chat
ценю твою помощь,chat
можно ли загрузить несколько файлов?,chat
структурируй ответ,followup
мне нужна информация про рекламацию,rag
а где!,followup
мне нужна информация про ремонт,rag
а что ты можешь,chat
какой твой любимый цвет,chat
"скажи, какие у тебя функции?",chat
салют :),chat
в техническое заданиее есть что-то про сроки,rag
а если говорить про доставку,followup
а ремонт тоже,followup
как оно?,chat
"подскажи, а что потом?",followup
а если нет?,followup
есть информация про ремонт?,rag
согласно протоколу,rag
какие порядок приёма на работу!,rag
зачем это нужно,followup
ты живой,chat
ок!,chat
ну так себе,chat
а что насчёт порядок получения компенсации,followup
объясни порядок индексации,rag
а отменить можно,followup
а какие есть варианты страхования?,rag
а в положениее есть что-то про сроки?,rag
чем отличается премиум от стандарта,rag
а это только для России?,followup
а спасибо разобрался,chat
расскажи про аренду,rag
объясни сроки доставки,rag
что ты умеешь,chat
у меня плохое настроение,chat
расскажи про гарантию,rag
что значит,followup
давай разберём первый пункт,followup
"напомни, скажи, ты умный?",chat
а разверни мысль,followup
"а привет, друг",chat
я понял спасибо пожалуйста,chat
можешь объяснить подробнее?,followup
можно ли уволиться на испытательном сроке,rag
а подскажи про штрафы,rag
кек,chat
не знаю с чего начать,chat
как пользоваться ботом,chat
сколько стоит бот?,chat
расскажи о программе лояльности!,rag
в акте есть что-то про сроки,rag
мне нужна информация про рассрочку,rag
есть информация про возврат товара,rag
а есть информация про неустойку?,rag
"а подскажи, найди в контракте",rag
как рассчитывается неустойка!,rag
ку,chat
"подскажи, как отключить автопродление?",rag
какие условия,rag
каков размер?,rag
есть ли информация о графике работы?,rag
мне нужна информация про штрафы,rag
подскажи про налоговые вычеты,rag
найди в контракте,rag
"слушай, какая сегодня погода?",chat
что написано в спецификацияе,rag
"скажи, как тебя зовут",chat
как удалить картинку?,chat
а как ты?,chat
как работает поиск?,chat
а поэтапно можно,followup
как загрузить архив,chat
что написано в протоколе,rag
какие размер налогового вычета,rag
большое спасибо,chat
а найди в справочнике,rag
каков порядок расторжения договора?,rag
какие лимиты у API!,rag
какой порядок подачи жалобы?,rag
"подскажи, расскажи подробнее про премии",followup
покажи прайс-лист,rag
"напомни, а кто контролирует?",followup
ну как,chat
поддерживается ли формат документ,chat
что в файле guide.docx?,rag
а что насчёт порядок приёма на работу?,followup
что в файле manual.pdf,rag
подскажи про рекламацию пожалуйста,rag
что ты думаешь о жизни,chat
а что можно пропустить,followup
какие стоимость обслуживания,rag
какие оформление командировки?,rag
"здравствуйте, помощник!",chat
в каком формате выгрузка,rag
"слушай, а компенсация тоже?",followup
ты знаешь какие-нибудь фокусы?,chat
а ты понимаешь сарказм?,chat
какой размер штрафа за просрочку,rag
а нужно ли согласие на обработку данных?,rag
где ты живёшь,chat
а на каком языке ты говоришь?,chat
в смысле,followup
расскажи про персональные данные,rag
"а подскажи, а возврат товара тоже?",followup
открой faq.txt,rag
какие условия расторжения договора?,rag
а объясни размер штрафов,rag
"слушай, что отвечать на вопрос про возврат?",rag
"подскажи, подскажи про приём на работу",rag
какой порядок обжалования,rag
офигеть,chat
"слушай, есть информация про гарантию?",rag
какие способы связи доступны?,rag
а расскажи про рекламацию,rag
расскажи подробнее про расторжение,followup
а подскажи про приём на работу,rag
ты здесь?,chat
есть ли у нас программа лояльности?,rag
а ты умный!,chat
а доставка тоже?,followup
покажи техническое задание,rag
"а салют, друг",chat
салют!!,chat
как обновить pdf?,chat
а можно частично,followup
а когда ближайшие выходные?,chat
покажи политика,rag
каковы правила пользования сервисом?,rag
как загрузить pdf?,chat
"скажи, в прайс-листе есть что-то про сроки?",rag
а если говорить про доставку?,followup
есть информация про персональные данные пожалуйста,rag
какие стоимость обслуживания?,rag
с наступающим!,chat
"скажи, что ты можешь?",chat
а ты спишь?,chat
расскажи подробнее про обслуживание пожалуйста,followup
на каком языке ты говоришь,chat
хай :)!,chat
"а подскажи, а для чайников?",followup
"подскажи, что в файле invoice.pdf?",rag
наши сообщения кто-то читает,chat
а у тебя есть премиум,chat
а что ты знаешь про ремонт?,rag
согласно уставу,rag
поздравляю,chat
"скажи, ты живой?",chat
на каком языке ты говоришь?,chat
"скажи, найди в памяткае",rag
"а подскажи, на этом всё",chat
снова я,chat
а источник этой информации пожалуйста,followup
а у конкурентов лучше,chat
"скажи, а что можно пропустить?",followup
"слушай, что по гарантийному обслуживанию?",rag
хай,chat
что в файле инструкция.pdf?,rag
что написано в инструкцияе,rag
что написано в уставе,rag
что говорится в политике конфиденциальности,rag
подскажи про страхование,rag
а вот этот пункт который ты назвал,followup
а про премии подробнее можно,followup
что думаешь о нейросетях,chat
можно ли загрузить архив?,chat
можешь петь!,chat
подскажи про приём на работу,rag
"салют, бот",chat
с чем это связано,followup
плохо,chat
а наши сообщения кто-то читает?,chat
больше не нужно,chat
что ты знаешь про доставку,rag
а если по-другому?,followup
сколько дней отпуска в году,rag
как отключить автопродление!,rag
а каковы правила пользования сервисом?,rag
приведи пример,followup
ага,chat
посмотри в политика.docx,rag
что по гарантийному обслуживанию?,rag
"слушай, посмотри в faq.txt",rag
а компенсация тоже?,followup
а для физических лиц,followup
что в файле policy.docx,rag
может быть,chat
то есть как это,followup
а ты робот?,chat
что-нибудь ещё,followup
мне нужна информация про обслуживание,rag
ну здорово!,chat
а если нет!,followup
можно ли загрузить архив,chat
как удалить фото?,chat
"слушай, какие документы нужны для регистрации?",rag
можно попроще?,followup
давно не виделись!,chat
а что входит в стоимость обслуживания?,rag
а есть информация про больничный?,rag
мы отвлеклись — так что с тем вопросом?,followup
какие права у потребителя пожалуйста,rag
я устал,chat
а что тут вообще можно делать?,chat
как происходит процедура увольнения?,rag
что ты знаешь про ремонт?,rag
а какие размер штрафов?,rag
гений!,chat
найди в договоре,rag
а про расторжение подробнее можно!,followup
"скажи, что ты умеешь",chat
какие размер налогового вычета?,rag
а найди в прайс-листе,rag
а открой политика.docx,rag
а что написано в справочнике?,rag
а ты запоминаешь наши разговоры?,chat
а ремонт тоже?,followup
а у конкурентов лучше?,chat
"погоди, это важный момент пожалуйста",followup
а что это значит на практике,followup
согласно соглашениеу,rag
расскажи про систему бонусов,rag
есть ли автопродление,rag
помнишь меня,chat
"напомни, а если да?",followup
а в других странах,followup
"а подскажи, как начисляются баллы?",rag
в каком формате выгрузка?,rag
какой минимальный срок договора,rag
покажи справочник!,rag
а что говорится в политике конфиденциальности?,rag
а были случаи,followup
"а добрый день, помощник",chat
спокойной ночи,chat
что ты знаешь про обслуживание?,rag
а были случаи?,followup
например,followup
открой политика.docx!,rag
а расскажи подробнее про премии,followup
а ты всегда онлайн?,chat
как получить компенсацию,rag
"напомни, есть информация про командировки?",rag
а ты кто?,chat
мне нужна информация по ценам,rag
последний пункт не понял,followup
как обновить файл,chat
в инструкцияе есть что-то про сроки?,rag
"подскажи, а конкретно для моего случая?",followup
есть информация про индексацию пожалуйста,rag
объясни порядок подачи рекламации пожалуйста,rag
как связаться с поддержкой?,rag
а расскажи про гарантию,rag
а за что могут заблокировать аккаунт?,rag
есть информация про налоговые вычеты,rag
расскажи про больничный пожалуйста,rag
ерунда какая-то пожалуйста,chat
в презентации.pptx есть данные о продажах?,rag
а как настроение?,chat
расскажи шутку,chat
а открой памятка.txt,rag
а открой agreement.docx,rag
"скажи, подскажи про аренду",rag
не важно,chat
можешь списком оформить?,followup
а если речь о юрлице?,followup
"подскажи, а ты настоящий?",chat
а можно частично?,followup
покажи контракт,rag
это как?,followup
"скажи, что ты можешь пожалуйста",chat
что приготовить на ужин!,chat
а ну ничего себе!,chat
какие обработка персональных данных,rag
супер,chat
пасибо,chat
ты счастлив,chat
"напомни, а это актуальная информация?",followup
а стоимость?,followup
а обязательно всё это!,followup
ты безопасный?,chat
в политикае есть что-то про сроки,rag
какие права у потребителя?,rag
а есть информация про оплату?,rag
"привет, друг",chat
как обновить несколько файлов?,chat
"слушай, расскажи подробнее про индексацию",followup
а ну пойдёт,chat
а можно без штрафа!,followup
"слушай, что ты знаешь про оплату?",rag
что ты знаешь про больничный пожалуйста,rag
"скажи, сколько тебе лет",chat
какие порядок оплаты,rag
что ты знаешь про увольнение,rag
а можешь списком оформить?,followup
а про тарифы подробнее можно,followup
а вот эта сумма откуда?,followup
зачем ты нужен,chat
какие стоимость тарифов,rag
что в файле agreement.docx,rag
что написано в политикае?,rag
какие есть варианты страхования?,rag
а для чайников пожалуйста,followup
какой срок?,rag
подскажи про персональные данные,rag
мне нужна информация про налоговые вычеты,rag
что написано в договоре про сроки,rag
"подскажи, кто имеет доступ к моим документам?",rag
"слушай, расскажи про возврат товара",rag
как хочешь?,chat
почему именно так!,followup
добрый день!!,chat
а и как это применить?,followup
"подскажи, есть информация про ремонт?",rag
открой регламент.docx,rag
восхитительно!,chat
а есть информация про тарифы?,rag
а задним числом можно!,followup
а где,followup
расшифруй!,followup
когда начисляются проценты пожалуйста,rag
у тебя есть выходные пожалуйста,chat
объясни условия получения скидки пожалуйста,rag
python или javascript?,chat
"а салют, помощник",chat
а как у других компаний?,followup
что ты знаешь про неустойку?,rag
не знаю пожалуйста,chat
что говорится в политике конфиденциальности?,rag
а расскажи подробнее про расторжение,followup
а давно не виделись,chat
ты сохраняешь историю?,chat
какие документы нужны для оформления,rag
подскажи про аренду,rag
а если да,followup
найди в справочнике пожалуйста,rag
есть ли ограничения по срокам исковой давности?,rag
расскажи про возврат товара,rag
что делаешь,chat
что ты знаешь про тарифы,rag
ты умеешь шутить!,chat
в каких случаях можно отказаться,rag
"напомни, ты мальчик или девочка?",chat
ужасно,chat
"скажи, зачем ты нужен?",chat
есть информация про неустойку пожалуйста,rag
а что потом,followup
какие условия возврата товара,rag
какие продолжительность отпуска,rag
а как отменить подписку?,rag
найди в инструкцияе,rag
найди в документе информацию о возврате,rag
есть информация про перерасчёт?,rag
как загрузить картинку?,chat
а какой курс доллара?,chat
а у тебя есть премиум?,chat
в контракте есть что-то про сроки,rag
есть ли у нас программа лояльности,rag
а ну ничего себе,chat
подскажи про рассрочку,rag
каким образом?,followup
а сколько,followup
как удалить архив!,chat
какой график работы офиса?,rag
"слушай, какие условия рассрочки?",rag
расскажи про скидки,rag
"подскажи, если клиент жалуется что делать?",rag
объясни оформление командировки!,rag
можно ли перейти на другой тариф,rag
а объясни условия расторжения договора,rag
а в моей ситуации?,followup
посмотри в регламент.docx,rag
а если говорить про штрафы!,followup
как жизнь,chat
есть информация про тарифы пожалуйста,rag
какие условия получения скидки,rag
ну обидно,chat
а большое спасибо,chat
"слушай, а нельзя ли по-другому?",followup
почему именно так,followup
а мне нужна информация про персональные данные,rag
покажи спецификация,rag
как хочешь,chat
красавчик,chat
а помоги составить план,chat
а подробнее пожалуйста,followup
что ты знаешь про командировки пожалуйста,rag
что говорит закон о возврате,rag
продолжай,followup
а что отвечать на вопрос про возврат?,rag
подскажи про кредитование,rag
а когда!,followup
что ты знаешь про подписку?,rag
а что написано в руководствое?,rag
мне нужна информация про аренду,rag
как ты работаешь,chat
а по опыту как лучше?,followup
как обновить фото,chat
а какой твой любимый цвет?,chat
"скажи, расскажи про рекламацию",rag
ты настоящий,chat
расскажи про отпуск,rag
"напомни, подскажи про ремонт",rag
а поподробнее?,followup
бай,chat
а что ты знаешь про индексацию?,rag
а какие продолжительность отпуска?,rag
какая у тебя версия,chat
перефразируй пожалуйста!,followup
положена ли компенсация за неиспользованный отпуск?,rag
можно ли оплатить картой,rag
"подскажи, сколько будет 2+2?",chat
а если говорить про штрафы?,followup
в соглашениее есть что-то про сроки?,rag
как удалить архив?,chat
откуда ты?,chat
а объясни размер налогового вычета,rag
а расскажи про премии,rag
можно ли отозвать согласие,rag
а расскажи про увольнение,rag
объясни размер штрафов,rag
а расскажи про налоговые вычеты,rag
есть информация про гарантию?,rag
а если говорить про ремонт пожалуйста,followup
что ты знаешь про премии,rag
а задним числом можно,followup
что в файле guide.docx!,rag
а если не получится,followup
можно платить в рассрочку,rag
а про обслуживание подробнее можно,followup
стоит ли загрузить документы,chat
а расскажи про неустойку,rag
как отменить подписку?,rag
а приведи пример,followup
"слушай, а подписка тоже?",followup
когда это обновлялось?,followup
что такое ИИ?,chat
"скажи, а почему так?",followup
объясни условия страхования,rag
а по опыту как лучше!,followup
ну неплохо!,chat
приветик,chat
расскажи про обслуживание,rag
какой у меня тариф?,chat
а где ты живёшь,chat
"напомни, посмотри в регламент.docx",rag
а добрый вечер,chat
а каков размер?,rag
и?,followup
открой договор.pdf,rag
а поддерживается ли формат документ?,chat
вернёмся ко второму вопросу,followup
что написано в контракте?,rag
а были прецеденты?,followup
а расскажи о программе лояльности,rag
ты робот,chat
что в файле памятка.txt,rag
а если говорить про компенсацию,followup
объясни стоимость тарифов,rag
"а подскажи, что написано в прайс-листе?",rag
когда начисляются проценты?,rag
объясни продолжительность отпуска,rag
а сколько ждать?,followup
найди в техническое заданиее,rag
"подскажи, а что ты умеешь?",chat
а онлайн можно?,followup
как удалить таблицу,chat
"скажи, есть информация про страхование?",rag
"погоди, это важный момент!",followup
"напомни, посмотри в guide.docx",rag
а что это значит на практике?,followup
а отменить можно?,followup
"скажи, что ты умеешь?",chat
"скажи, сколько тебе лет?",chat
а что по гарантийному обслуживанию?,rag
ну плохо пожалуйста,chat
что нужно для оформления пожалуйста,rag
за что могут заблокировать аккаунт?,rag
а подписка тоже,followup
ты запоминаешь наши разговоры,chat
есть информация про подписку?,rag
как ты работаешь?,chat
а подскажи про премии,rag
а ты умный пожалуйста,chat
давай вернёмся к предыдущему вопросу,followup
весело,chat
какой срок,rag
какие документы нужны для оформления?,rag
какие оформление больничного?,rag
"скажи, найди в протоколе",rag
а не помогаешь,chat
подскажи про приём на работу пожалуйста,rag
что делаешь?,chat
замечательно!,chat
подскажи про рекламацию,rag
на каком языке ты говоришь пожалуйста,chat
мне нужна информация про скидки,rag
покажи соглашение,rag
"напомни, где посмотреть статус заказа?",rag
а сколько стоит?,rag
"скажи, посмотри в contract.pdf",rag
а объясни обработка персональных данных,rag
бб!,chat
"хай, друг",chat
покажи справочник,rag
а что написано в инструкцияе?,rag
"напомни, мне нужна информация про персональные данные",rag
тебя можно обмануть,chat
"напомни, что написано в уставе?",rag
какие условия кредитования!,rag
что ты знаешь про гарантию?,rag
и как это применить!,followup
круто,chat
работаешь ли ты ночью!,chat
подскажи про компенсацию,rag
открой памятка.txt,rag
а про штрафы подробнее можно,followup
а что в файле policy.docx?,rag
офигеть!,chat
какая статья регулирует это,rag
а есть информация про отпуск?,rag
это бесплатно,chat
с днём рождения!,chat
а что написано в политикае?,rag
а до этого как было?,followup
"скажи, какие у тебя функции",chat
а что обычно делают?,followup
чао,chat
требования к документам,rag
а что в файле readme.md?,rag
есть информация про увольнение?,rag
"здравствуйте, друг",chat
что ещё!,followup
что в файле agreement.docx?,rag
"слушай, что в файле spec.pdf?",rag
сколько ты можешь запомнить,chat
до свидания!,chat
до встречи,chat
а что самое важное?,followup
покажи положение,rag
раскрой тему,followup
как загрузить документ,chat
как восстановить доступ,rag
досадно,chat
напомни условия по рассрочке,rag
что в файле invoice.pdf пожалуйста,rag
как отключить автопродление,rag
"скажи, а про командировки подробнее можно?",followup
"а привет, бот",chat
какие есть ограничения по использованию,rag
а покажи акт,rag
а если я уже сделал по-другому пожалуйста,followup
а ты живой пожалуйста,chat
а какие оформление командировки?,rag
а как обновить картинку?,chat
что в файле договор.pdf!,rag
что ты знаешь про командировки,rag
покажи каталог,rag
есть информация про персональные данные,rag
мне нужна информация про расторжение,rag
как ты?,chat
есть информация про ремонт,rag
что ты знаешь про рекламацию,rag
а добрый день,chat
а чем отличается премиум от стандарта?,rag
а какие у тебя функции?,chat
можно ли оплатить картой?,rag
хэй,chat
"а салют, бот",chat
а можно попроще?,followup
спасибо за ответ пожалуйста,chat
принимаете криптовалюту пожалуйста,rag
подскажи про отпуск,rag
что делать при обнаружении брака?,rag
а хочу узнать про условия кредитования,rag
а какие ограничения у бесплатного тарифа?,rag
"а подскажи, что написано в памяткае?",rag
как происходит процедура увольнения,rag
найди в contract.docx секцию про оплату пожалуйста,rag
ну вот это да!,chat
а про подписку подробнее можно?,followup
а кто проверяет?,followup
"скажи, где ты живёшь?",chat
а если сделать наоборот пожалуйста,followup
неплохо,chat
можно ли отозвать согласие!,rag
а лично надо приходить,followup
а есть ли реферальная программа?,rag
ты кто?,chat
"а подскажи, а если говорить про премии?",followup
ну так и что в итоге!,followup
ну грустно,chat
расскажи про приём на работу,rag
а про доставку подробнее можно!,followup
как стать партнёром?,rag
а оплата тоже!,followup
дай информацию из загруженного файла,rag
"скажи, кто тебя создал?",chat
а выведи данные о зарплате из файла,rag
у тебя есть чувства?,chat
а что приготовить на ужин?,chat
найди в договоре пожалуйста,rag
как удалить pdf,chat
в спецификацияе есть что-то про сроки!,rag
"слушай, в соглашениее есть что-то про сроки?",rag
а сколько дней отпуска в году?,rag
объясни порядок ремонта,rag
как загрузить документ!,chat
а зачем ты нужен,chat
а открой policy.docx,rag
расскажи подробнее про приём на работу,followup
есть ли скидки для постоянных клиентов,rag
а что ты знаешь про штрафы?,rag
а если я уже сделал по-другому?,followup
объясни обработка персональных данных пожалуйста,rag
а как загрузить архив?,chat
открой agreement.docx!,rag
а минусы какие,followup
тебе бывает скучно!,chat
опять я,chat
и какие последствия,followup
удивительно!,chat
посмотри в policy.docx!,rag
а предыдущий пункт,followup
что в файле report.pdf пожалуйста,rag
а расскажи подробнее про подписку,followup
"стой, давай сначала",followup
есть информация про зарплату?,rag
какие обработка персональных данных?,rag
что ты знаешь про аренду,rag
а когда срок действия договора?,rag
расскажи подробнее,followup
как обновить архив!,chat
"слушай, что ты знаешь про штрафы?",rag
"подскажи, а про оплату подробнее можно?",followup
"подскажи, чем ты лучше гугла?",chat
это опять я пожалуйста,chat
а что известно о новых тарифах?,rag
как получить компенсацию!,rag
мне нужна информация про гарантию,rag
как сам?,chat
а что насчёт сроки доставки,followup
ты всё знаешь!,chat
какие оформление больничного,rag
как получить акт сверки?,rag
положена ли компенсация за неиспользованный отпуск,rag
"скажи, кто тебя создал",chat
а ну офигеть,chat
а середину можно подробнее?,followup
найди в протоколе,rag
какие ограничения у бесплатного тарифа?,rag
а структурируй ответ,followup
какие условия рассрочки?,rag
можно ли загрузить несколько файлов,chat
"напомни, а если говорить про тарифы?",followup
за что могут заблокировать аккаунт,rag
"слушай, что делать при обнаружении брака?",rag
"скажи, ты умный",chat
а с праздником!,chat
найди в регламенте,rag
чем занимаешься?,chat
а ты бот?,chat
мне скучно,chat
согласно приказу,rag
привет!,chat
как загрузить документ?,chat
обидно,chat
а где хранятся данные?,rag
а риски есть?,followup
есть ли техподдержка по выходным!,rag
проехали,chat
как получить компенсацию?,rag
можно ли загрузить таблицу,chat
"а подскажи, можно ли загрузить несколько файлов?",chat
а не знаю,chat
а подскажи про страхование,rag
откуда ты это взял,followup
кто написал Войну и мир,chat
какие порядок ремонта,rag
а ну отлично,chat
ну ого,chat
с новым годом!,chat
а что написано в контракте?,rag
кто несёт ответственность за повреждения?,rag
есть ли бесплатная доставка,rag
что написано в регламенте,rag
а согласно политикау,rag
мне нужна информация про приём на работу пожалуйста,rag
какие комиссии?,rag
а если говорить про ремонт?,followup
какая процентная ставка?,rag
а ты безопасный?,chat
а я понял спасибо,chat
какие процедура увольнения?,rag
как отключить автопродление?,rag
"скажи, покажи что сказано в файле о гарантии",rag
что ты знаешь про неустойку,rag
"напомни, в презентации.pptx есть данные о продажах?",rag
что в файле readme.md,rag
есть информация про доставку,rag
есть ли ограничения?,chat
а кто написал Войну и мир?,chat
согласно политикау,rag
посмотри в contract.pdf,rag
что написано в уставе?,rag
а здравствуйте :),chat
какие требования к партнёрам!,rag
посмотри в договор.pdf,rag
грустно,chat
"подскажи, кто тебя придумал?",chat
чем отличается про от бесплатного,rag
чем ты лучше гугла,chat
что написано в акте?,rag
а как обновить несколько файлов?,chat
а в справочнике есть что-то про сроки?,rag
а почему именно так?,followup
а если говорить про возврат товара,followup
откуда ты это взял?,followup
сколько будет 2+2,chat
"напомни, что ты знаешь про компенсацию?",rag
какие продолжительность отпуска?,rag
есть информация про доставку?,rag
есть информация про премии?,rag
открой readme.md,rag
"скажи, хочу узнать про условия кредитования",rag
а что насчёт порядок оплаты?,followup
подскажи про возврат товара,rag
есть информация про больничный,rag
"скажи, ты мальчик или девочка?",chat
ну грустно пожалуйста,chat
а расскажи про больничный,rag
можно ли перейти на другой тариф?,rag
какие лимиты у API?,rag
а объясни порядок получения компенсации,rag
а попроще можно?,followup
давай вернёмся к предыдущему вопросу пожалуйста,followup
ты уверен,followup
что ты знаешь про расторжение?,rag
а стоимость,followup
"скажи, сколько тебе лет!",chat
какой минимальный срок договора?,rag
что ты знаешь про отпуск?,rag
а про гарантию подробнее можно,followup
объясни условия возврата товара,rag
есть информация про отпуск,rag
а что ты знаешь про зарплату?,rag
согласно контракту,rag
а покажи техническое задание,rag
"скажи, а часто такое бывает?",followup
"слушай, какой сегодня праздник?",chat
какие документы нужны для оформления!,rag
а подскажи про гарантию,rag
посмотри в terms.pdf,rag
есть информация про командировки,rag
а если сделать наоборот?,followup
каков размер госпошлины пожалуйста,rag
есть альтернативы пожалуйста,followup
какие условия подписки!,rag
расскажи что написано в инструкции!,rag
хай :),chat
"подскажи, а с чего начать?",followup
"подскажи, что написано в техническое заданиее?",rag
как это работает,followup
где хранятся данные!,rag
ок,chat
"напомни, объясни простыми словами",followup
"подскажи, а если нарушить?",followup
что написано в спецификацияе пожалуйста,rag
отмена,chat
угу,chat
а объясни процедура увольнения,rag
"напомни, что ты знаешь про отпуск?",rag
объясни условия рассрочки,rag
а тарифы тоже,followup
вау,chat
"подскажи, что в файле policy.docx?",rag
открой invoice.pdf пожалуйста,rag
а сколько ждать,followup
а кто тебя создал,chat
как обновить архив,chat
"а подскажи, а откуда ты это знаешь?",followup
размер штрафа,rag
ты не сломаешься!,chat
"скажи, как удалить таблицу?",chat
неа,chat
правда,followup
есть информация про штрафы,rag
всё,chat
"а подскажи, что ты знаешь про приём на работу?",rag
а мы можем отказаться от услуги,rag
а что насчёт порядок приёма на работу,followup
а всё спасибо,chat
а какие условия подписки?,rag
можно ли получить счёт на оплату?,rag
поясни пожалуйста,followup
прекрасно!,chat
ну классно,chat
как удалить документ?,chat
"скажи, а до этого как было?",followup
и какие последствия?,followup
какие способы оплаты доступны?,rag
ты сказал что нельзя — а почему,followup
хорошего дня,chat
какой сегодня праздник?,chat
а кто тебя создал?,chat
посмотри в readme.md,rag
мне нужна информация про индексацию,rag
расскажи про ремонт!,rag
мне нужна информация про перерасчёт!,rag
"слушай, как это работает?",followup
как рассчитывается отпускные?,rag
а другие как решают,followup
что ты знаешь про налоговые вычеты,rag
поддерживается ли формат архив,chat
а ты сам как думаешь,followup
мне нужна информация про персональные данные,rag
есть информация про обслуживание,rag
в смысле?,followup
как работает поиск!,chat
привет,chat
ладно проехали!,chat
ты понимаешь сарказм?,chat
как загрузить картинку,chat
что ты думаешь о жизни?,chat
а обратный процесс!,followup
"добрый день, друг!",chat
как удалить документ,chat
а можно конкретнее?,followup
во сколько закат сегодня,chat
как обновить несколько файлов,chat
здравствуйте,chat
какие выплаты при сокращении?,rag
объясни стоимость обслуживания,rag
мне нужна информация про кредитование,rag
добрый день!,chat
согласно памяткау,rag
а куда обращаться?,followup
фигня!,chat
есть информация про кредитование,rag
есть ли ограничения по срокам исковой давности,rag
когда это обновлялось,followup
а мы отвлеклись — так что с тем вопросом?,followup
"напомни, расскажи о программе лояльности",rag
а какие документы взять!,followup
покажи регламент,rag
а про оплату подробнее можно пожалуйста,followup
какой испытательный срок?,rag
что ты знаешь про приём на работу?,rag
что в файле guide.docx,rag
где хранятся данные,rag
почему именно так?,followup
какие способы оплаты доступны!,rag
согласно техническое заданиеу,rag
"а стоп, а вот тут подробнее",followup
что написано в регламенте?,rag
а для чайников,followup
расскажи про расторжение,rag
что в файле contract.pdf,rag
открой report.pdf и найди итоги!,rag
какие порядок индексации?,rag
классно,chat
"слушай, посмотри в отчёт.pdf",rag
а ты понимаешь русский!,chat
расскажи про перерасчёт,rag
плохо!,chat
расскажи про рекламацию,rag
а открой отчёт.pdf,rag
что ты знаешь про компенсацию,rag
а какие документы нужны для регистрации?,rag
а поддерживается ли формат несколько файлов?,chat
какие комиссии,rag
а расскажи про штрафы,rag
найди в руководствое,rag
а какие у тебя функции,chat
ерунда какая-то,chat
расскажи про возврат товара!,rag
сколько будет 15 умножить на 7?,chat
у тебя есть чувства,chat
а расскажи анекдот про программистов,chat
"подскажи, что написано в акте?",rag
объясни это!,followup
резюмируй пожалуйста,followup
есть информация про индексацию?,rag
а как у других компаний!,followup
а ценю твою помощь,chat
покажи памятка,rag
как обновить архив?,chat
а что в первую очередь?,followup
есть ли автопродление пожалуйста,rag
здравствуй,chat
а как именно,followup
а штрафы тоже?,followup
ты устаёшь,chat
ты всегда онлайн?,chat
перефразируй пожалуйста,followup
найди в инструкцияе пожалуйста,rag
ты врёшь иногда?,chat
а что говорит закон о возврате?,rag
а можешь петь?,chat
сколько документов можно загрузить,chat
ау!,chat
хаха!,chat
а второе условие,followup
в прайс-листе есть что-то про сроки?,rag
это точная информация,followup
какие порядок индексации,rag
есть ли реферальная программа,rag
а какие документы взять,followup
что в файле terms.pdf,rag
спасибо разобрался,chat
ладно,chat
что входит в базовый пакет?,rag
можно ли отозвать согласие пожалуйста,rag
что ты знаешь про приём на работу пожалуйста,rag
что написано в инструкцияе пожалуйста,rag
ты живой?,chat
здравствуйте!,chat
подведи итог,followup
что в файле rules.pdf,rag
а как загрузить фото?,chat
есть информация про расторжение,rag
а опиши процедуру регистрации,rag
что ты знаешь про бонусы?,rag
"подскажи, найди в руководствое",rag
ты не сломаешься пожалуйста,chat
какой твой любимый цвет?,chat
из-за чего,followup
а если говорить про ремонт,followup
когда срок действия договора,rag
а мы можем отказаться от услуги?,rag
расскажи про рассрочку,rag
можно ли загрузить pdf!,chat
а если говорить про приём на работу,followup
а про командировки подробнее можно,followup
а второе условие!,followup
а про приём на работу подробнее можно,followup
а как конкретно?,followup
расшифруй,followup
какие санкции предусмотрены?,rag
а обслуживание тоже,followup
какие расчёт зарплаты,rag
кто президент?,chat
а часто такое бывает?,followup
помоги составить план!,chat
где ты живёшь?,chat
начало ответа не понял,followup
что тут вообще можно делать?,chat
что в файле invoice.pdf?,rag
а если говорить про тарифы?,followup
блин,chat
"подскажи, что в файле report.pdf?",rag
а расскажи подробнее про компенсацию,followup
а ты настоящий,chat
"напомни, наши сообщения кто-то читает?",chat
слушай а какие у нас бонусы,rag
"слушай, расскажи подробнее про расторжение",followup
в договоре есть что-то про сроки?,rag
"подскажи, расскажи о себе",chat
подскажи про персональные данные!,rag
нужна ли предоплата,rag
а что насчёт порядок индексации?,followup
а в протоколе есть что-то про сроки?,rag
как связаться с поддержкой пожалуйста,rag
отлично!,chat
нормально!,chat
что в файле политика.docx,rag
странно!,chat
а как восстановить доступ?,rag
как восстановить доступ?,rag
а что ты знаешь про аренду?,rag
а подскажи про компенсацию,rag
"подскажи, что предусмотрено за нарушение?",rag
расскажи про компенсацию,rag
как настроение,chat
какие бывают тарифы?,rag
а найди в документе информацию о возврате,rag
что написано в приказе?,rag
ты знаешь какие-нибудь фокусы!,chat
наверное,chat
посоветуй фильм,chat
а повтори последнее,followup
а это не устарело?,followup
в каталоге есть что-то про сроки?,rag
а работаешь ли ты ночью?,chat
а ты настоящий?,chat
ты запоминаешь наши разговоры?,chat
интересно,chat
что ты знаешь про страхование!,rag
согласно регламенту,rag
расскажи о себе!,chat
объясни условия страхования!,rag
какая столица Франции пожалуйста,chat
а ты тут?,chat
посмотри в spec.pdf,rag
"хм, а почему именно так",followup
какие требования к партнёрам?,rag
"скажи, а про обслуживание подробнее можно?",followup
ну ничего себе пожалуйста,chat
чем занимаешься,chat
что по гарантийному обслуживанию,rag
"хай, помощник",chat
что ты умеешь пожалуйста,chat
а помоги с домашкой,chat
"напомни, расскажи про оплату",rag
мы отвлеклись — так что с тем вопросом,followup
это обязательно,followup
какие порядок получения компенсации?,rag
что ты знаешь про возврат товара?,rag
а как тебя зовут,chat
попроще можно,followup
а правда что можно вернуть в течение 14 дней,rag
есть информация про скидки,rag
а расторжение тоже?,followup
дальше,followup
допустим,chat
хватит,chat
"подскажи, а вот это интересно, расскажи больше",followup
а какая столица Франции?,chat
а кто имеет доступ к моим документам?,rag
а как тебя зовут?,chat
а что в первую очередь,followup
а расскажи подробнее про тарифы,followup
а объясни простыми словами,followup
что ты знаешь про индексацию пожалуйста,rag
ты понимаешь русский?,chat
а какая ответственность за утечку данных?,rag
"а подскажи, расскажи про персональные данные",rag
объясни обработка персональных данных,rag
есть информация про обслуживание?,rag
расскажи про тарифы пожалуйста,rag
в инструкцияе есть что-то про сроки,rag
а что если не так!,followup
а источник этой информации?,followup
а командировка тоже?,followup
а в моей ситуации,followup
можно ли получить счёт на оплату,rag
как пользоваться ботом?,chat
"подскажи, скажи, как ты работаешь?",chat
а объясни порядок ремонта,rag
а где?,followup
какие лимиты у API,rag
есть информация про рекламацию?,rag
покажи приказ,rag
а откуда ты это знаешь!,followup
а процитируй пункт про штрафы,rag
а расскажи про бонусы,rag
поддерживается ли формат архив?,chat
мне нужна информация про возврат товара,rag
а что написано в положениее?,rag
"скажи, зачем ты нужен",chat
ну ого!,chat
"скажи, объясни условия рассрочки",rag
а есть примеры?,followup
а если нарушить,followup
как удалить файл?,chat
согласно руководствоу,rag
поддерживается ли формат файл?,chat
в инструкцияе есть что-то про сроки пожалуйста,rag
а как быстро обрабатываются заявки?,rag
согласно положениеу,rag
привет :)!,chat
а что в файле инструкция.pdf?,rag
какие есть варианты страхования,rag
конечно,chat
а посмотри в policy.docx,rag
что предусмотрено за нарушение,rag
ты умнее chatgpt?,chat
объясни это пожалуйста,followup
можно тебе доверять,chat
с праздником,chat
сколько стоит?,rag
поддерживается ли формат файл,chat
а что насчёт стоимость тарифов!,followup
что думаешь о нейросетях?,chat
мне нужна информация про командировки,rag
а по пунктам можно пожалуйста,followup
а расскажи про тарифы,rag
"напомни, что ты умеешь?",chat
а как стать партнёром?,rag
давай поболтаем,chat
а для физических лиц?,followup
можешь объяснить подробнее,followup
